lad24cd,la_name,imd_average_rank,imd_rank_of_average_rank,imd_average_score,imd_rank_of_average_score,imd_proportion_most_deprived_10pct,imd_rank_of_proportion,imd_extent,imd_rank_of_extent,imd_local_concentration,imd_rank_of_local_concentration,source
E06000001,Hartlepool,23075.98,30,37.58,6,0.4211,3,0.5259,8,33623.27,3,"MHCLG English Indices of Deprivation 2025, File 10 LA District Summaries (lower-tier) v2, published 30 October 2025"
E06000002,Middlesbrough,23840.54,21,40.037,2,0.5,1,0.5657,3,33672.1,2,"MHCLG English Indices of Deprivation 2025, File 10 LA District Summaries (lower-tier) v2, published 30 October 2025"
E06000003,Redcar and Cleveland,20592.69,62,30.336,37,0.25,25,0.3665,44,33529.27,7,"MHCLG English Indices of Deprivation 2025, File 10 LA District Summaries (lower-tier) v2, published 30 October 2025"
E06000004,Stockton-on-Tees,17658.71,119,25.83,69,0.1935,41,0.3182,59,33332.64,17,"MHCLG English Indices of Deprivation 2025, File 10 LA District Summaries (lower-tier) v2, published 30 October 2025"
E06000005,Darlington,18611.35,103,25.713,72,0.197,40,0.2814,69,33117.99,30,"MHCLG English Indices of Deprivation 2025, File 10 LA District Summaries (lower-tier) v2, published 30 October 2025"
E06000006,Halton,20886.57,55,31.117,31,0.3125,16,0.429,27,33327.38,18,"MHCLG English Indices of Deprivation 2025, File 10 LA District Summaries (lower-tier) v2, published 30 October 2025"
E06000007,Warrington,13072.02,199,16.835,174,0.0606,114,0.1561,121,30722.59,114,"MHCLG English Indices of Deprivation 2025, File 10 LA District Summaries (lower-tier) v2, published 30 October 2025"
E06000008,Blackburn with Darwen,24567.65,11,36.899,10,0.3736,9,0.5702,2,33262.48,24,"MHCLG English Indices of Deprivation 2025, File 10 LA District Summaries (lower-tier) v2, published 30 October 2025"
E06000009,Blackpool,26536.86,1,43.467,1,0.4043,6,0.5217,9,33748.14,1,"MHCLG English Indices of Deprivation 2025, File 10 LA District Summaries (lower-tier) v2, published 30 October 2025"
E06000010,"Kingston upon Hull, City of",24324.73,14,37.206,8,0.4167,4,0.52,11,33340.11,16,"MHCLG English Indices of Deprivation 2025, File 10 LA District Summaries (lower-tier) v2, published 30 October 2025"
E06000011,East Riding of Yorkshire,12648.72,203,15.755,189,0.061,113,0.0982,155,30438.49,120,"MHCLG English Indices of Deprivation 2025, File 10 LA District Summaries (lower-tier) v2, published 30 October 2025"
E06000012,North East Lincolnshire,19754.27,81,30.213,39,0.271,21,0.3698,38,33609.96,4,"MHCLG English Indices of Deprivation 2025, File 10 LA District Summaries (lower-tier) v2, published 30 October 2025"
E06000013,North Lincolnshire,18590.12,104,23.473,99,0.1165,77,0.2107,98,32214.66,63,"MHCLG English Indices of Deprivation 2025, File 10 LA District Summaries (lower-tier) v2, published 30 October 2025"
E06000014,York,9512.5,261,11.814,251,0,193,0.0682,179,27798.04,176,"MHCLG English Indices of Deprivation 2025, File 10 LA District Summaries (lower-tier) v2, published 30 October 2025"
E06000015,Derby,19898.13,79,28.155,52,0.1842,46,0.3611,45,33110.37,32,"MHCLG English Indices of Deprivation 2025, File 10 LA District Summaries (lower-tier) v2, published 30 October 2025"
E06000016,Leicester,25204.55,6,34.449,16,0.2,38,0.495,16,32821.38,43,"MHCLG English Indices of Deprivation 2025, File 10 LA District Summaries (lower-tier) v2, published 30 October 2025"
E06000017,Rutland,8552.38,272,9.851,276,0,193,0,282,15058.78,294,"MHCLG English Indices of Deprivation 2025, File 10 LA District Summaries (lower-tier) v2, published 30 October 2025"
E06000018,Nottingham,24079.07,18,33.747,20,0.3073,18,0.5039,15,32737.58,46,"MHCLG English Indices of Deprivation 2025, File 10 LA District Summaries (lower-tier) v2, published 30 October 2025"
E06000019,"Herefordshire, County of",16764.48,136,18.762,152,0.0085,185,0.0714,178,28211.49,167,"MHCLG English Indices of Deprivation 2025, File 10 LA District Summaries (lower-tier) v2, published 30 October 2025"
E06000020,Telford and Wrekin,19007.58,95,24.423,84,0.1304,66,0.252,80,32109.44,66,"MHCLG English Indices of Deprivation 2025, File 10 LA District Summaries (lower-tier) v2, published 30 October 2025"
E06000021,Stoke-on-Trent,23586.1,26,33.614,21,0.2883,19,0.4945,17,32889.75,39,"MHCLG English Indices of Deprivation 2025, File 10 LA District Summaries (lower-tier) v2, published 30 October 2025"
E06000022,Bath and North East Somerset,10247.52,252,12.281,245,0.0254,151,0.0384,214,26239.75,209,"MHCLG English Indices of Deprivation 2025, File 10 LA District Summaries (lower-tier) v2, published 30 October 2025"
E06000023,"Bristol, City of",17434.22,123,22.496,110,0.1119,84,0.213,97,32343.28,62,"MHCLG English Indices of Deprivation 2025, File 10 LA District Summaries (lower-tier) v2, published 30 October 2025"
E06000024,North Somerset,12208.97,215,15.456,192,0.0652,111,0.0956,158,30756.72,113,"MHCLG English Indices of Deprivation 2025, File 10 LA District Summaries (lower-tier) v2, published 30 October 2025"
E06000025,South Gloucestershire,10114.56,253,11.614,254,0,193,0.0102,258,22743.04,253,"MHCLG English Indices of Deprivation 2025, File 10 LA District Summaries (lower-tier) v2, published 30 October 2025"
E06000026,Plymouth,18688.94,101,24.087,87,0.1159,80,0.257,74,31881.1,77,"MHCLG English Indices of Deprivation 2025, File 10 LA District Summaries (lower-tier) v2, published 30 October 2025"
E06000027,Torbay,21271.67,50,26.917,60,0.1099,87,0.2552,76,32441.4,58,"MHCLG English Indices of Deprivation 2025, File 10 LA District Summaries (lower-tier) v2, published 30 October 2025"
E06000030,Swindon,14096.54,180,17.554,167,0.0714,109,0.1328,132,31025.9,110,"MHCLG English Indices of Deprivation 2025, File 10 LA District Summaries (lower-tier) v2, published 30 October 2025"
E06000031,Peterborough,21226.31,51,27.799,54,0.1322,65,0.3665,43,31817.21,80,"MHCLG English Indices of Deprivation 2025, File 10 LA District Summaries (lower-tier) v2, published 30 October 2025"
E06000032,Luton,22777.92,33,29.548,45,0.136,60,0.3669,41,32093.18,67,"MHCLG English Indices of Deprivation 2025, File 10 LA District Summaries (lower-tier) v2, published 30 October 2025"
E06000033,Southend-on-Sea,18080.37,113,24.027,89,0.1111,85,0.2645,71,32512.81,55,"MHCLG English Indices of Deprivation 2025, File 10 LA District Summaries (lower-tier) v2, published 30 October 2025"
E06000034,Thurrock,17963.05,114,21.032,122,0.03,145,0.1391,129,29766.73,139,"MHCLG English Indices of Deprivation 2025, File 10 LA District Summaries (lower-tier) v2, published 30 October 2025"
E06000035,Medway,19136.32,91,24.354,85,0.0888,97,0.2531,78,31939.66,75,"MHCLG English Indices of Deprivation 2025, File 10 LA District Summaries (lower-tier) v2, published 30 October 2025"
E06000036,Bracknell Forest,8640.96,271,10.084,271,0,193,0,282,20769.77,273,"MHCLG English Indices of Deprivation 2025, File 10 LA District Summaries (lower-tier) v2, published 30 October 2025"
E06000037,West Berkshire,9686.36,257,11.049,261,0,193,0.0092,262,20782.11,272,"MHCLG English Indices of Deprivation 2025, File 10 LA District Summaries (lower-tier) v2, published 30 October 2025"
E06000038,Reading,16030.61,147,18.558,155,0,193,0.1039,150,28786.82,161,"MHCLG English Indices of Deprivation 2025, File 10 LA District Summaries (lower-tier) v2, published 30 October 2025"
E06000039,Slough,20246.11,72,22.967,105,0,193,0.122,140,27966.25,171,"MHCLG English Indices of Deprivation 2025, File 10 LA District Summaries (lower-tier) v2, published 30 October 2025"
E06000040,Windsor and Maidenhead,7338.72,285,8.881,285,0,193,0,282,20386.36,275,"MHCLG English Indices of Deprivation 2025, File 10 LA District Summaries (lower-tier) v2, published 30 October 2025"
E06000041,Wokingham,4328.48,295,6.102,295,0,193,0.0042,271,16487.21,292,"MHCLG English Indices of Deprivation 2025, File 10 LA District Summaries (lower-tier) v2, published 30 October 2025"
E06000042,Milton Keynes,15478.75,157,18.503,156,0.0482,125,0.1202,143,30250.04,126,"MHCLG English Indices of Deprivation 2025, File 10 LA District Summaries (lower-tier) v2, published 30 October 2025"
E06000043,Brighton and Hove,16380.88,143,20.266,133,0.0788,103,0.1528,124,31382.57,99,"MHCLG English Indices of Deprivation 2025, File 10 LA District Summaries (lower-tier) v2, published 30 October 2025"
E06000044,Portsmouth,20239.91,73,26.378,64,0.12,72,0.2533,77,32824.24,41,"MHCLG English Indices of Deprivation 2025, File 10 LA District Summaries (lower-tier) v2, published 30 October 2025"
E06000045,Southampton,20194.24,76,25.611,73,0.1184,73,0.2391,83,32164.22,64,"MHCLG English Indices of Deprivation 2025, File 10 LA District Summaries (lower-tier) v2, published 30 October 2025"
E06000046,Isle of Wight,20855.08,56,24.599,83,0.0337,139,0.2006,106,30108.81,130,"MHCLG English Indices of Deprivation 2025, File 10 LA District Summaries (lower-tier) v2, published 30 October 2025"
E06000047,County Durham,21488.54,47,28.808,49,0.1697,53,0.3602,46,32636.06,49,"MHCLG English Indices of Deprivation 2025, File 10 LA District Summaries (lower-tier) v2, published 30 October 2025"
E06000049,Cheshire East,11388.25,231,14.169,212,0.0246,153,0.0952,159,29412.3,145,"MHCLG English Indices of Deprivation 2025, File 10 LA District Summaries (lower-tier) v2, published 30 October 2025"
E06000050,Cheshire West and Chester,13879.12,186,17.736,163,0.0856,98,0.1467,127,31296.82,105,"MHCLG English Indices of Deprivation 2025, File 10 LA District Summaries (lower-tier) v2, published 30 October 2025"
E06000051,Shropshire,15695.07,154,17.604,166,0.0101,184,0.0533,189,27206.63,186,"MHCLG English Indices of Deprivation 2025, File 10 LA District Summaries (lower-tier) v2, published 30 October 2025"
E06000052,Cornwall,19456.45,86,22.321,112,0.0327,141,0.1171,146,29429.71,144,"MHCLG English Indices of Deprivation 2025, File 10 LA District Summaries (lower-tier) v2, published 30 October 2025"
E06000053,Isles of Scilly,11924,221,12.65,240,0,193,0,282,11924.0,296,"MHCLG English Indices of Deprivation 2025, File 10 LA District Summaries (lower-tier) v2, published 30 October 2025"
E06000054,Wiltshire,11989.35,219,13.608,225,0.0065,189,0.0287,226,25105.87,229,"MHCLG English Indices of Deprivation 2025, File 10 LA District Summaries (lower-tier) v2, published 30 October 2025"
E06000055,Bedford,16413.2,141,19.747,138,0.0427,131,0.1528,123,30589.04,115,"MHCLG English Indices of Deprivation 2025, File 10 LA District Summaries (lower-tier) v2, published 30 October 2025"
E06000056,Central Bedfordshire,11409.7,230,13.102,232,0,193,0.0267,228,25196.55,226,"MHCLG English Indices of Deprivation 2025, File 10 LA District Summaries (lower-tier) v2, published 30 October 2025"
E06000057,Northumberland,17154.36,128,21.963,115,0.11,86,0.2014,105,32003.41,73,"MHCLG English Indices of Deprivation 2025, File 10 LA District Summaries (lower-tier) v2, published 30 October 2025"
E06000058,"Bournemouth, Christchurch and Poole",14728.21,169,17.513,169,0.05,124,0.1039,151,29777.21,137,"MHCLG English Indices of Deprivation 2025, File 10 LA District Summaries (lower-tier) v2, published 30 October 2025"
E06000059,Dorset,14451.08,174,16.268,180,0.0224,156,0.0404,210,26390.71,204,"MHCLG English Indices of Deprivation 2025, File 10 LA District Summaries (lower-tier) v2, published 30 October 2025"
E06000060,Buckinghamshire,10315.59,250,11.921,250,0,193,0.0209,240,24636.59,237,"MHCLG English Indices of Deprivation 2025, File 10 LA District Summaries (lower-tier) v2, published 30 October 2025"
E06000061,North Northamptonshire,15417.41,160,18.472,157,0.0439,127,0.1289,135,29819.72,136,"MHCLG English Indices of Deprivation 2025, File 10 LA District Summaries (lower-tier) v2, published 30 October 2025"
E06000062,West Northamptonshire,13988.3,182,16.646,177,0.021,158,0.1016,153,29073.38,151,"MHCLG English Indices of Deprivation 2025, File 10 LA District Summaries (lower-tier) v2, published 30 October 2025"
E06000063,Cumberland,18871.62,98,23.807,95,0.1017,91,0.2327,87,31894.38,76,"MHCLG English Indices of Deprivation 2025, File 10 LA District Summaries (lower-tier) v2, published 30 October 2025"
E06000064,Westmorland and Furness,14870.31,165,17.836,161,0.0634,112,0.0904,162,30499.01,118,"MHCLG English Indices of Deprivation 2025, File 10 LA District Summaries (lower-tier) v2, published 30 October 2025"
E06000065,North Yorkshire,13523.03,189,15.799,188,0.0264,148,0.0647,180,28429.79,165,"MHCLG English Indices of Deprivation 2025, File 10 LA District Summaries (lower-tier) v2, published 30 October 2025"
E06000066,Somerset,16776.04,134,19.137,143,0.0206,159,0.089,165,29008.44,153,"MHCLG English Indices of Deprivation 2025, File 10 LA District Summaries (lower-tier) v2, published 30 October 2025"
E07000008,Cambridge,9840.08,255,11.471,257,0,193,0.0206,241,24135.24,244,"MHCLG English Indices of Deprivation 2025, File 10 LA District Summaries (lower-tier) v2, published 30 October 2025"
E07000009,East Cambridgeshire,10996.11,242,12.217,247,0,193,0.0021,278,21150.79,270,"MHCLG English Indices of Deprivation 2025, File 10 LA District Summaries (lower-tier) v2, published 30 October 2025"
E07000010,Fenland,21985.08,42,26.1,66,0.0893,95,0.2073,101,30784.03,112,"MHCLG English Indices of Deprivation 2025, File 10 LA District Summaries (lower-tier) v2, published 30 October 2025"
E07000011,Huntingdonshire,10441.25,249,11.804,252,0,193,0.006,269,22026.99,259,"MHCLG English Indices of Deprivation 2025, File 10 LA District Summaries (lower-tier) v2, published 30 October 2025"
E07000012,South Cambridgeshire,7928.12,281,9.338,283,0,193,0,282,17551.73,289,"MHCLG English Indices of Deprivation 2025, File 10 LA District Summaries (lower-tier) v2, published 30 October 2025"
E07000032,Amber Valley,15416.02,161,18.593,154,0.038,135,0.1228,139,30405.82,122,"MHCLG English Indices of Deprivation 2025, File 10 LA District Summaries (lower-tier) v2, published 30 October 2025"
E07000033,Bolsover,21151.94,52,25.728,71,0.06,115,0.2223,94,31299.08,103,"MHCLG English Indices of Deprivation 2025, File 10 LA District Summaries (lower-tier) v2, published 30 October 2025"
E07000034,Chesterfield,19824.62,80,25.388,77,0.1159,78,0.2817,68,31778.3,86,"MHCLG English Indices of Deprivation 2025, File 10 LA District Summaries (lower-tier) v2, published 30 October 2025"
E07000035,Derbyshire Dales,12267.26,213,13.761,222,0.0233,155,0.0214,239,23485.22,248,"MHCLG English Indices of Deprivation 2025, File 10 LA District Summaries (lower-tier) v2, published 30 October 2025"
E07000036,Erewash,16252.29,144,20.726,127,0.0822,101,0.1855,109,31740.47,88,"MHCLG English Indices of Deprivation 2025, File 10 LA District Summaries (lower-tier) v2, published 30 October 2025"
E07000037,High Peak,14857.49,167,17.642,164,0.0508,121,0.098,156,29548.06,143,"MHCLG English Indices of Deprivation 2025, File 10 LA District Summaries (lower-tier) v2, published 30 October 2025"
E07000038,North East Derbyshire,15478.53,158,18.689,153,0.0469,126,0.1298,134,30107.33,131,"MHCLG English Indices of Deprivation 2025, File 10 LA District Summaries (lower-tier) v2, published 30 October 2025"
E07000039,South Derbyshire,12308.24,210,14.369,211,0.0161,175,0.0537,188,27111.72,188,"MHCLG English Indices of Deprivation 2025, File 10 LA District Summaries (lower-tier) v2, published 30 October 2025"
E07000040,East Devon,13234.3,195,14.548,205,0,193,0.014,250,23889.57,246,"MHCLG English Indices of Deprivation 2025, File 10 LA District Summaries (lower-tier) v2, published 30 October 2025"
E07000041,Exeter,13807.01,187,15.946,185,0,193,0.063,182,27435.59,183,"MHCLG English Indices of Deprivation 2025, File 10 LA District Summaries (lower-tier) v2, published 30 October 2025"
E07000042,Mid Devon,17272.33,126,18.984,150,0,193,0.0441,205,26211.59,211,"MHCLG English Indices of Deprivation 2025, File 10 LA District Summaries (lower-tier) v2, published 30 October 2025"
E07000043,North Devon,18856.77,99,22.002,114,0.0508,121,0.1254,138,30392.95,123,"MHCLG English Indices of Deprivation 2025, File 10 LA District Summaries (lower-tier) v2, published 30 October 2025"
E07000044,South Hams,14013.15,181,15.115,199,0,193,0.0065,266,21909.2,260,"MHCLG English Indices of Deprivation 2025, File 10 LA District Summaries (lower-tier) v2, published 30 October 2025"
E07000045,Teignbridge,15446.44,159,17.18,172,0,193,0.0508,193,26856.76,193,"MHCLG English Indices of Deprivation 2025, File 10 LA District Summaries (lower-tier) v2, published 30 October 2025"
E07000046,Torridge,20911.35,54,23.865,94,0,193,0.1027,152,28846.98,160,"MHCLG English Indices of Deprivation 2025, File 10 LA District Summaries (lower-tier) v2, published 30 October 2025"
E07000047,West Devon,17675.39,117,19.096,146,0,193,0.0123,253,24159.14,243,"MHCLG English Indices of Deprivation 2025, File 10 LA District Summaries (lower-tier) v2, published 30 October 2025"
E07000061,Eastbourne,18944.08,96,23.904,93,0.1333,63,0.2178,96,31798.17,83,"MHCLG English Indices of Deprivation 2025, File 10 LA District Summaries (lower-tier) v2, published 30 October 2025"
E07000062,Hastings,25467.53,3,37.255,7,0.3396,14,0.4812,20,33482.06,10,"MHCLG English Indices of Deprivation 2025, File 10 LA District Summaries (lower-tier) v2, published 30 October 2025"
E07000063,Lewes,14661.52,170,16.774,175,0,193,0.0723,176,27591.54,181,"MHCLG English Indices of Deprivation 2025, File 10 LA District Summaries (lower-tier) v2, published 30 October 2025"
E07000064,Rother,19086.86,93,22.519,109,0.0517,120,0.1523,125,30458.89,119,"MHCLG English Indices of Deprivation 2025, File 10 LA District Summaries (lower-tier) v2, published 30 October 2025"
E07000065,Wealden,11185.6,238,12.655,239,0,193,0.0244,233,23215.31,250,"MHCLG English Indices of Deprivation 2025, File 10 LA District Summaries (lower-tier) v2, published 30 October 2025"
E07000066,Basildon,17615.34,120,22.599,106,0.0804,102,0.2521,79,31244.65,107,"MHCLG English Indices of Deprivation 2025, File 10 LA District Summaries (lower-tier) v2, published 30 October 2025"
E07000067,Braintree,15016,164,16.638,178,0,193,0.0338,221,25833.56,219,"MHCLG English Indices of Deprivation 2025, File 10 LA District Summaries (lower-tier) v2, published 30 October 2025"
E07000068,Brentwood,9499.77,262,10.942,264,0,193,0.0076,264,22941.52,251,"MHCLG English Indices of Deprivation 2025, File 10 LA District Summaries (lower-tier) v2, published 30 October 2025"
E07000069,Castle Point,15200.88,162,17.64,165,0.0175,166,0.0868,166,28921.57,155,"MHCLG English Indices of Deprivation 2025, File 10 LA District Summaries (lower-tier) v2, published 30 October 2025"
E07000070,Chelmsford,11282.76,233,13.122,230,0,193,0.0449,204,26617.32,201,"MHCLG English Indices of Deprivation 2025, File 10 LA District Summaries (lower-tier) v2, published 30 October 2025"
E07000071,Colchester,14827.59,168,17.339,171,0.0171,173,0.0864,167,29097.83,150,"MHCLG English Indices of Deprivation 2025, File 10 LA District Summaries (lower-tier) v2, published 30 October 2025"
E07000072,Epping Forest,12591.81,205,14.101,215,0,193,0.0137,251,24174.84,242,"MHCLG English Indices of Deprivation 2025, File 10 LA District Summaries (lower-tier) v2, published 30 October 2025"
E07000073,Harlow,19106.71,92,21.659,116,0.0172,171,0.0979,157,27627.46,180,"MHCLG English Indices of Deprivation 2025, File 10 LA District Summaries (lower-tier) v2, published 30 October 2025"
E07000074,Maldon,14651.01,171,15.976,184,0,193,0.0063,267,23797.84,247,"MHCLG English Indices of Deprivation 2025, File 10 LA District Summaries (lower-tier) v2, published 30 October 2025"
E07000075,Rochford,9526.62,260,11.423,258,0.0189,163,0.0263,229,24522.98,238,"MHCLG English Indices of Deprivation 2025, File 10 LA District Summaries (lower-tier) v2, published 30 October 2025"
E07000076,Tendring,23237.65,28,32.08,25,0.2022,36,0.3369,51,33363.62,15,"MHCLG English Indices of Deprivation 2025, File 10 LA District Summaries (lower-tier) v2, published 30 October 2025"
E07000077,Uttlesford,8667.39,269,9.968,274,0,193,0,282,15463.13,293,"MHCLG English Indices of Deprivation 2025, File 10 LA District Summaries (lower-tier) v2, published 30 October 2025"
E07000078,Cheltenham,10306.3,251,12.961,234,0.026,150,0.0842,169,28722.68,162,"MHCLG English Indices of Deprivation 2025, File 10 LA District Summaries (lower-tier) v2, published 30 October 2025"
E07000079,Cotswold,10928.22,243,12.052,249,0,193,0.0037,273,19248.68,283,"MHCLG English Indices of Deprivation 2025, File 10 LA District Summaries (lower-tier) v2, published 30 October 2025"
E07000080,Forest of Dean,17517.86,121,19.129,144,0,193,0.0499,195,26414.08,203,"MHCLG English Indices of Deprivation 2025, File 10 LA District Summaries (lower-tier) v2, published 30 October 2025"
E07000081,Gloucester,16397.89,142,21.534,117,0.1098,88,0.2386,84,31837.84,79,"MHCLG English Indices of Deprivation 2025, File 10 LA District Summaries (lower-tier) v2, published 30 October 2025"
E07000082,Stroud,11250.16,234,12.629,241,0,193,0.0198,243,23283.34,249,"MHCLG English Indices of Deprivation 2025, File 10 LA District Summaries (lower-tier) v2, published 30 October 2025"
E07000083,Tewkesbury,9841.54,254,11.549,255,0.0179,165,0.0237,235,24485.37,239,"MHCLG English Indices of Deprivation 2025, File 10 LA District Summaries (lower-tier) v2, published 30 October 2025"
E07000084,Basingstoke and Deane,11220.01,237,12.953,235,0,193,0.0254,230,25174.41,227,"MHCLG English Indices of Deprivation 2025, File 10 LA District Summaries (lower-tier) v2, published 30 October 2025"
E07000085,East Hampshire,8300.38,278,9.881,275,0,193,0.005,270,21485.43,266,"MHCLG English Indices of Deprivation 2025, File 10 LA District Summaries (lower-tier) v2, published 30 October 2025"
E07000086,Eastleigh,9327.1,263,10.996,263,0,193,0.0247,232,24283.04,241,"MHCLG English Indices of Deprivation 2025, File 10 LA District Summaries (lower-tier) v2, published 30 October 2025"
E07000087,Fareham,6244.64,291,8.067,290,0,193,0.0178,247,21321.0,268,"MHCLG English Indices of Deprivation 2025, File 10 LA District Summaries (lower-tier) v2, published 30 October 2025"
E07000088,Gosport,18904.9,97,23.45,101,0.0893,95,0.2273,89,31395.17,98,"MHCLG English Indices of Deprivation 2025, File 10 LA District Summaries (lower-tier) v2, published 30 October 2025"
E07000089,Hart,4236.16,296,5.914,296,0,193,0,282,13527.99,295,"MHCLG English Indices of Deprivation 2025, File 10 LA District Summaries (lower-tier) v2, published 30 October 2025"
E07000090,Havant,16449.59,139,21.459,119,0.1139,81,0.2336,85,31688.89,89,"MHCLG English Indices of Deprivation 2025, File 10 LA District Summaries (lower-tier) v2, published 30 October 2025"
E07000091,New Forest,11096.91,239,12.941,236,0.0175,166,0.0346,218,25952.98,217,"MHCLG English Indices of Deprivation 2025, File 10 LA District Summaries (lower-tier) v2, published 30 October 2025"
E07000092,Rushmoor,13183.28,197,15.157,198,0,193,0.0533,190,27008.74,190,"MHCLG English Indices of Deprivation 2025, File 10 LA District Summaries (lower-tier) v2, published 30 October 2025"
E07000093,Test Valley,10496.99,247,12.166,248,0,193,0.0321,224,25086.27,230,"MHCLG English Indices of Deprivation 2025, File 10 LA District Summaries (lower-tier) v2, published 30 October 2025"
E07000094,Winchester,8709.28,268,10.218,267,0,193,0.0119,254,21868.76,261,"MHCLG English Indices of Deprivation 2025, File 10 LA District Summaries (lower-tier) v2, published 30 October 2025"
E07000095,Broxbourne,15812.06,152,17.8,162,0,193,0.0552,185,26137.86,213,"MHCLG English Indices of Deprivation 2025, File 10 LA District Summaries (lower-tier) v2, published 30 October 2025"
E07000096,Dacorum,12294.02,211,14.031,217,0,193,0.0336,222,25766.8,222,"MHCLG English Indices of Deprivation 2025, File 10 LA District Summaries (lower-tier) v2, published 30 October 2025"
E07000098,Hertsmere,12233.33,214,14.123,214,0.0159,176,0.0384,215,26279.34,207,"MHCLG English Indices of Deprivation 2025, File 10 LA District Summaries (lower-tier) v2, published 30 October 2025"
E07000099,North Hertfordshire,9701.1,256,11.312,259,0,193,0.0198,244,24715.78,236,"MHCLG English Indices of Deprivation 2025, File 10 LA District Summaries (lower-tier) v2, published 30 October 2025"
E07000102,Three Rivers,8474.95,275,9.978,273,0,193,0.0117,255,22570.61,255,"MHCLG English Indices of Deprivation 2025, File 10 LA District Summaries (lower-tier) v2, published 30 October 2025"
E07000103,Watford,14446.32,175,16.254,181,0,193,0.0493,197,26543.74,202,"MHCLG English Indices of Deprivation 2025, File 10 LA District Summaries (lower-tier) v2, published 30 October 2025"
E07000105,Ashford,16881.1,133,19.717,139,0.037,136,0.1192,145,29754.0,140,"MHCLG English Indices of Deprivation 2025, File 10 LA District Summaries (lower-tier) v2, published 30 October 2025"
E07000106,Canterbury,15870.85,149,19.219,142,0.0435,128,0.1584,120,30344.89,124,"MHCLG English Indices of Deprivation 2025, File 10 LA District Summaries (lower-tier) v2, published 30 October 2025"
E07000107,Dartford,15079.12,163,17.375,170,0.0149,177,0.0735,175,28463.07,164,"MHCLG English Indices of Deprivation 2025, File 10 LA District Summaries (lower-tier) v2, published 30 October 2025"
E07000108,Dover,20097.95,78,24.869,81,0.1159,78,0.2245,93,31801.48,82,"MHCLG English Indices of Deprivation 2025, File 10 LA District Summaries (lower-tier) v2, published 30 October 2025"
E07000109,Gravesham,19077.72,94,23.624,97,0.0923,93,0.2248,92,31525.89,93,"MHCLG English Indices of Deprivation 2025, File 10 LA District Summaries (lower-tier) v2, published 30 October 2025"
E07000110,Maidstone,15572.46,155,18.093,160,0.0303,143,0.0891,163,29168.78,148,"MHCLG English Indices of Deprivation 2025, File 10 LA District Summaries (lower-tier) v2, published 30 October 2025"
E07000111,Sevenoaks,12546.49,206,14.37,210,0.0133,179,0.0467,200,26685.19,197,"MHCLG English Indices of Deprivation 2025, File 10 LA District Summaries (lower-tier) v2, published 30 October 2025"
E07000112,Folkestone and Hythe,20407.28,66,25.193,79,0.0746,106,0.2282,88,31562.24,90,"MHCLG English Indices of Deprivation 2025, File 10 LA District Summaries (lower-tier) v2, published 30 October 2025"
E07000113,Swale,20715.83,59,26.683,62,0.1444,59,0.2469,81,32826.8,40,"MHCLG English Indices of Deprivation 2025, File 10 LA District Summaries (lower-tier) v2, published 30 October 2025"
E07000114,Thanet,22856.68,32,32.017,26,0.186,45,0.3675,39,33537.94,6,"MHCLG English Indices of Deprivation 2025, File 10 LA District Summaries (lower-tier) v2, published 30 October 2025"
E07000115,Tonbridge and Malling,11244.09,235,13.023,233,0,193,0.0345,219,25797.69,221,"MHCLG English Indices of Deprivation 2025, File 10 LA District Summaries (lower-tier) v2, published 30 October 2025"
E07000116,Tunbridge Wells,12282.24,212,13.894,219,0,193,0.0254,231,24973.33,231,"MHCLG English Indices of Deprivation 2025, File 10 LA District Summaries (lower-tier) v2, published 30 October 2025"
E07000117,Burnley,25410.62,4,38.681,3,0.4,7,0.5568,5,33409.88,14,"MHCLG English Indices of Deprivation 2025, File 10 LA District Summaries (lower-tier) v2, published 30 October 2025"
E07000118,Chorley,13355.99,190,16.381,179,0.0429,130,0.1217,141,29863.4,135,"MHCLG English Indices of Deprivation 2025, File 10 LA District Summaries (lower-tier) v2, published 30 October 2025"
E07000119,Fylde,13580.56,188,15.712,190,0.0392,134,0.0518,192,27271.88,184,"MHCLG English Indices of Deprivation 2025, File 10 LA District Summaries (lower-tier) v2, published 30 October 2025"
E07000120,Hyndburn,24251.07,16,35.43,14,0.3208,15,0.5066,14,33167.18,26,"MHCLG English Indices of Deprivation 2025, File 10 LA District Summaries (lower-tier) v2, published 30 October 2025"
E07000121,Lancaster,16770.21,135,22.408,111,0.1136,82,0.2092,99,32906.26,37,"MHCLG English Indices of Deprivation 2025, File 10 LA District Summaries (lower-tier) v2, published 30 October 2025"
E07000122,Pendle,24347.02,13,35.285,15,0.3509,13,0.4782,21,32822.83,42,"MHCLG English Indices of Deprivation 2025, File 10 LA District Summaries (lower-tier) v2, published 30 October 2025"
E07000123,Preston,20849.23,57,28.762,50,0.1724,50,0.4139,32,32417.34,59,"MHCLG English Indices of Deprivation 2025, File 10 LA District Summaries (lower-tier) v2, published 30 October 2025"
E07000124,Ribble Valley,8521.67,273,9.997,272,0,193,0.0012,280,19776.82,280,"MHCLG English Indices of Deprivation 2025, File 10 LA District Summaries (lower-tier) v2, published 30 October 2025"
E07000125,Rossendale,20705.63,60,25.988,67,0.093,92,0.3027,65,31245.3,106,"MHCLG English Indices of Deprivation 2025, File 10 LA District Summaries (lower-tier) v2, published 30 October 2025"
E07000126,South Ribble,11514.27,227,14.136,213,0.0286,147,0.0854,168,29159.23,149,"MHCLG English Indices of Deprivation 2025, File 10 LA District Summaries (lower-tier) v2, published 30 October 2025"
E07000127,West Lancashire,14339.88,176,18.265,159,0.0548,117,0.155,122,31358.24,101,"MHCLG English Indices of Deprivation 2025, File 10 LA District Summaries (lower-tier) v2, published 30 October 2025"
E07000128,Wyre,15841.7,150,20.864,125,0.1304,66,0.1474,126,33037.89,34,"MHCLG English Indices of Deprivation 2025, File 10 LA District Summaries (lower-tier) v2, published 30 October 2025"
E07000129,Blaby,9191.26,265,10.5,266,0,193,0,282,19006.11,284,"MHCLG English Indices of Deprivation 2025, File 10 LA District Summaries (lower-tier) v2, published 30 October 2025"
E07000130,Charnwood,11308.29,232,13.272,228,0.0196,161,0.0429,208,26747.64,195,"MHCLG English Indices of Deprivation 2025, File 10 LA District Summaries (lower-tier) v2, published 30 October 2025"
E07000131,Harborough,7859.43,283,9.224,284,0,193,0,282,16880.88,290,"MHCLG English Indices of Deprivation 2025, File 10 LA District Summaries (lower-tier) v2, published 30 October 2025"
E07000132,Hinckley and Bosworth,12057.39,218,13.703,224,0,193,0.024,234,25118.02,228,"MHCLG English Indices of Deprivation 2025, File 10 LA District Summaries (lower-tier) v2, published 30 October 2025"
E07000133,Melton,13123.92,198,14.866,202,0,193,0.0465,201,26657.18,199,"MHCLG English Indices of Deprivation 2025, File 10 LA District Summaries (lower-tier) v2, published 30 October 2025"
E07000134,North West Leicestershire,13269.84,194,15.307,194,0.0167,174,0.0487,199,27152.99,187,"MHCLG English Indices of Deprivation 2025, File 10 LA District Summaries (lower-tier) v2, published 30 October 2025"
E07000135,Oadby and Wigston,11425.7,229,13.428,227,0,193,0.0463,202,26282.87,206,"MHCLG English Indices of Deprivation 2025, File 10 LA District Summaries (lower-tier) v2, published 30 October 2025"
E07000136,Boston,22656.79,36,28.459,51,0.1282,70,0.3182,60,31419.33,96,"MHCLG English Indices of Deprivation 2025, File 10 LA District Summaries (lower-tier) v2, published 30 October 2025"
E07000137,East Lindsey,23262.04,27,30.392,36,0.1463,58,0.3341,52,32819.43,44,"MHCLG English Indices of Deprivation 2025, File 10 LA District Summaries (lower-tier) v2, published 30 October 2025"
E07000138,Lincoln,21464.76,48,28.872,47,0.2,38,0.3416,50,33115.99,31,"MHCLG English Indices of Deprivation 2025, File 10 LA District Summaries (lower-tier) v2, published 30 October 2025"
E07000139,North Kesteven,11620.74,226,13.168,229,0,193,0.0232,236,24894.96,233,"MHCLG English Indices of Deprivation 2025, File 10 LA District Summaries (lower-tier) v2, published 30 October 2025"
E07000140,South Holland,18826.66,100,20.984,123,0.0196,161,0.0747,172,27480.99,182,"MHCLG English Indices of Deprivation 2025, File 10 LA District Summaries (lower-tier) v2, published 30 October 2025"
E07000141,South Kesteven,12928.87,201,15.161,196,0.0357,137,0.0495,196,27258.26,185,"MHCLG English Indices of Deprivation 2025, File 10 LA District Summaries (lower-tier) v2, published 30 October 2025"
E07000142,West Lindsey,17009.94,131,21.492,118,0.1132,83,0.1705,114,32091.93,68,"MHCLG English Indices of Deprivation 2025, File 10 LA District Summaries (lower-tier) v2, published 30 October 2025"
E07000143,Breckland,18092.91,112,20.374,129,0.0125,181,0.089,164,28654.3,163,"MHCLG English Indices of Deprivation 2025, File 10 LA District Summaries (lower-tier) v2, published 30 October 2025"
E07000144,Broadland,11003.96,240,12.222,246,0,193,0,282,20520.4,274,"MHCLG English Indices of Deprivation 2025, File 10 LA District Summaries (lower-tier) v2, published 30 October 2025"
E07000145,Great Yarmouth,23697.24,25,34.228,18,0.25,25,0.3725,37,33591.91,5,"MHCLG English Indices of Deprivation 2025, File 10 LA District Summaries (lower-tier) v2, published 30 October 2025"
E07000146,King's Lynn and West Norfolk,20364.86,69,24.054,88,0.0543,118,0.1674,116,30524.85,116,"MHCLG English Indices of Deprivation 2025, File 10 LA District Summaries (lower-tier) v2, published 30 October 2025"
E07000147,North Norfolk,19348.27,89,21.114,121,0,193,0.0386,213,26007.57,216,"MHCLG English Indices of Deprivation 2025, File 10 LA District Summaries (lower-tier) v2, published 30 October 2025"
E07000148,Norwich,20585.2,64,26.262,65,0.1176,74,0.3126,62,31365.26,100,"MHCLG English Indices of Deprivation 2025, File 10 LA District Summaries (lower-tier) v2, published 30 October 2025"
E07000149,South Norfolk,11946.35,220,13.115,231,0,193,0,282,21686.04,265,"MHCLG English Indices of Deprivation 2025, File 10 LA District Summaries (lower-tier) v2, published 30 October 2025"
E07000170,Ashfield,20205.43,75,25.568,74,0.1169,76,0.2563,75,31947.98,74,"MHCLG English Indices of Deprivation 2025, File 10 LA District Summaries (lower-tier) v2, published 30 October 2025"
E07000171,Bassetlaw,18287.97,111,22.54,108,0.0725,108,0.1992,107,31412.55,97,"MHCLG English Indices of Deprivation 2025, File 10 LA District Summaries (lower-tier) v2, published 30 October 2025"
E07000172,Broxtowe,11483.72,228,13.752,223,0,193,0.0637,181,27943.83,172,"MHCLG English Indices of Deprivation 2025, File 10 LA District Summaries (lower-tier) v2, published 30 October 2025"
E07000173,Gedling,12368.1,209,14.485,206,0.013,180,0.0501,194,26863.96,192,"MHCLG English Indices of Deprivation 2025, File 10 LA District Summaries (lower-tier) v2, published 30 October 2025"
E07000174,Mansfield,20108.67,77,26.909,61,0.1324,64,0.3164,61,32483.79,57,"MHCLG English Indices of Deprivation 2025, File 10 LA District Summaries (lower-tier) v2, published 30 October 2025"
E07000175,Newark and Sherwood,15815.79,151,19.056,147,0.0405,132,0.1399,128,30243.64,127,"MHCLG English Indices of Deprivation 2025, File 10 LA District Summaries (lower-tier) v2, published 30 October 2025"
E07000176,Rushcliffe,6207.46,294,7.838,294,0,193,0.0026,276,18643.46,287,"MHCLG English Indices of Deprivation 2025, File 10 LA District Summaries (lower-tier) v2, published 30 October 2025"
E07000177,Cherwell,10900.53,244,12.624,242,0,193,0.0304,225,25545.49,224,"MHCLG English Indices of Deprivation 2025, File 10 LA District Summaries (lower-tier) v2, published 30 October 2025"
E07000178,Oxford,12110.23,217,14.423,208,0.0238,154,0.076,170,28084.04,169,"MHCLG English Indices of Deprivation 2025, File 10 LA District Summaries (lower-tier) v2, published 30 October 2025"
E07000179,South Oxfordshire,7046.39,287,8.546,287,0,193,0,282,16751.01,291,"MHCLG English Indices of Deprivation 2025, File 10 LA District Summaries (lower-tier) v2, published 30 October 2025"
E07000180,Vale of White Horse,8049.8,280,9.472,281,0,193,0.0062,268,17974.3,288,"MHCLG English Indices of Deprivation 2025, File 10 LA District Summaries (lower-tier) v2, published 30 October 2025"
E07000181,West Oxfordshire,8641.18,270,10.148,269,0,193,0.0068,265,19965.45,279,"MHCLG English Indices of Deprivation 2025, File 10 LA District Summaries (lower-tier) v2, published 30 October 2025"
E07000192,Cannock Chase,16960.75,132,19.899,136,0.0328,140,0.1287,136,29281.38,146,"MHCLG English Indices of Deprivation 2025, File 10 LA District Summaries (lower-tier) v2, published 30 October 2025"
E07000193,East Staffordshire,15520.06,156,19.021,148,0.0556,116,0.1696,115,30162.44,128,"MHCLG English Indices of Deprivation 2025, File 10 LA District Summaries (lower-tier) v2, published 30 October 2025"
E07000194,Lichfield,10996.25,241,12.737,237,0,193,0.043,207,26217.88,210,"MHCLG English Indices of Deprivation 2025, File 10 LA District Summaries (lower-tier) v2, published 30 October 2025"
E07000195,Newcastle-under-Lyme,16217.06,146,19.001,149,0.025,152,0.116,147,28914.93,156,"MHCLG English Indices of Deprivation 2025, File 10 LA District Summaries (lower-tier) v2, published 30 October 2025"
E07000196,South Staffordshire,11890.68,222,13.527,226,0,193,0.0392,212,26024.87,215,"MHCLG English Indices of Deprivation 2025, File 10 LA District Summaries (lower-tier) v2, published 30 October 2025"
E07000197,Stafford,11750.56,225,13.901,218,0.0123,182,0.0719,177,27975.2,170,"MHCLG English Indices of Deprivation 2025, File 10 LA District Summaries (lower-tier) v2, published 30 October 2025"
E07000198,Staffordshire Moorlands,12834.74,202,14.829,204,0,193,0.0522,191,26656.53,200,"MHCLG English Indices of Deprivation 2025, File 10 LA District Summaries (lower-tier) v2, published 30 October 2025"
E07000199,Tamworth,16417.46,140,20.233,134,0.1176,74,0.1672,117,31142.75,108,"MHCLG English Indices of Deprivation 2025, File 10 LA District Summaries (lower-tier) v2, published 30 October 2025"
E07000200,Babergh,13985.49,184,15.388,193,0,193,0.0217,237,24956.62,232,"MHCLG English Indices of Deprivation 2025, File 10 LA District Summaries (lower-tier) v2, published 30 October 2025"
E07000202,Ipswich,19600.75,84,25.457,76,0.1294,69,0.3085,63,31788.33,85,"MHCLG English Indices of Deprivation 2025, File 10 LA District Summaries (lower-tier) v2, published 30 October 2025"
E07000203,Mid Suffolk,13278.81,191,14.429,207,0.0175,166,0.0205,242,21434.16,267,"MHCLG English Indices of Deprivation 2025, File 10 LA District Summaries (lower-tier) v2, published 30 October 2025"
E07000207,Elmbridge,6241.47,292,8.047,291,0,193,0.0114,256,21830.12,262,"MHCLG English Indices of Deprivation 2025, File 10 LA District Summaries (lower-tier) v2, published 30 October 2025"
E07000208,Epsom and Ewell,6217.99,293,7.975,293,0,193,0.0154,248,22607.42,254,"MHCLG English Indices of Deprivation 2025, File 10 LA District Summaries (lower-tier) v2, published 30 October 2025"
E07000209,Guildford,7826.94,284,9.468,282,0,193,0.0079,263,22457.74,257,"MHCLG English Indices of Deprivation 2025, File 10 LA District Summaries (lower-tier) v2, published 30 October 2025"
E07000210,Mole Valley,8300.63,277,9.77,278,0,193,0.0129,252,20179.14,277,"MHCLG English Indices of Deprivation 2025, File 10 LA District Summaries (lower-tier) v2, published 30 October 2025"
E07000211,Reigate and Banstead,8500.47,274,10.14,270,0,193,0.0108,257,22827.82,252,"MHCLG English Indices of Deprivation 2025, File 10 LA District Summaries (lower-tier) v2, published 30 October 2025"
E07000212,Runnymede,10877.1,245,12.394,244,0,193,0.015,249,24110.8,245,"MHCLG English Indices of Deprivation 2025, File 10 LA District Summaries (lower-tier) v2, published 30 October 2025"
E07000213,Spelthorne,13185.89,196,14.861,203,0,193,0.0349,217,25803.28,220,"MHCLG English Indices of Deprivation 2025, File 10 LA District Summaries (lower-tier) v2, published 30 October 2025"
E07000214,Surrey Heath,6353.43,290,8.037,292,0,193,0.0028,275,20926.18,271,"MHCLG English Indices of Deprivation 2025, File 10 LA District Summaries (lower-tier) v2, published 30 October 2025"
E07000215,Tandridge,11232.29,236,12.532,243,0,193,0.0024,277,22188.44,258,"MHCLG English Indices of Deprivation 2025, File 10 LA District Summaries (lower-tier) v2, published 30 October 2025"
E07000216,Waverley,6584.4,289,8.128,288,0,193,0,282,18653.16,286,"MHCLG English Indices of Deprivation 2025, File 10 LA District Summaries (lower-tier) v2, published 30 October 2025"
E07000217,Woking,9658.72,258,11.508,256,0,193,0.0181,246,24736.81,235,"MHCLG English Indices of Deprivation 2025, File 10 LA District Summaries (lower-tier) v2, published 30 October 2025"
E07000218,North Warwickshire,17450.49,122,20.081,135,0.0263,149,0.0926,160,29240.76,147,"MHCLG English Indices of Deprivation 2025, File 10 LA District Summaries (lower-tier) v2, published 30 October 2025"
E07000219,Nuneaton and Bedworth,19393.16,88,23.971,91,0.0833,99,0.208,100,31472.8,94,"MHCLG English Indices of Deprivation 2025, File 10 LA District Summaries (lower-tier) v2, published 30 October 2025"
E07000220,Rugby,12170.81,216,14.059,216,0,193,0.0375,216,26070.32,214,"MHCLG English Indices of Deprivation 2025, File 10 LA District Summaries (lower-tier) v2, published 30 October 2025"
E07000221,Stratford-on-Avon,10620.9,246,11.767,253,0,193,0,282,19475.25,282,"MHCLG English Indices of Deprivation 2025, File 10 LA District Summaries (lower-tier) v2, published 30 October 2025"
E07000222,Warwick,9291.22,264,10.799,265,0.0114,183,0.0096,259,22564.0,256,"MHCLG English Indices of Deprivation 2025, File 10 LA District Summaries (lower-tier) v2, published 30 October 2025"
E07000223,Adur,13273.81,192,14.99,200,0,193,0.0329,223,25569.67,223,"MHCLG English Indices of Deprivation 2025, File 10 LA District Summaries (lower-tier) v2, published 30 October 2025"
E07000224,Arun,16592,137,19.416,141,0.0505,123,0.1151,148,30303.55,125,"MHCLG English Indices of Deprivation 2025, File 10 LA District Summaries (lower-tier) v2, published 30 October 2025"
E07000225,Chichester,14286.9,177,15.599,191,0,193,0.0192,245,24305.46,240,"MHCLG English Indices of Deprivation 2025, File 10 LA District Summaries (lower-tier) v2, published 30 October 2025"
E07000226,Crawley,18486.19,109,20.786,126,0.0149,177,0.0751,171,26724.11,196,"MHCLG English Indices of Deprivation 2025, File 10 LA District Summaries (lower-tier) v2, published 30 October 2025"
E07000227,Horsham,8178.03,279,9.611,279,0,193,0.0009,281,19555.42,281,"MHCLG English Indices of Deprivation 2025, File 10 LA District Summaries (lower-tier) v2, published 30 October 2025"
E07000228,Mid Sussex,7111.69,286,8.658,286,0,193,0.0035,274,20112.35,278,"MHCLG English Indices of Deprivation 2025, File 10 LA District Summaries (lower-tier) v2, published 30 October 2025"
E07000229,Worthing,13978.12,185,15.928,186,0,193,0.054,187,26955.9,191,"MHCLG English Indices of Deprivation 2025, File 10 LA District Summaries (lower-tier) v2, published 30 October 2025"
E07000234,Bromsgrove,9144.95,266,11.003,262,0,193,0.034,220,25948.97,218,"MHCLG English Indices of Deprivation 2025, File 10 LA District Summaries (lower-tier) v2, published 30 October 2025"
E07000235,Malvern Hills,14121.13,179,16.051,183,0.0222,157,0.0566,184,27645.44,179,"MHCLG English Indices of Deprivation 2025, File 10 LA District Summaries (lower-tier) v2, published 30 October 2025"
E07000236,Redditch,15935.76,148,20.306,132,0.0702,110,0.2197,95,30935.82,111,"MHCLG English Indices of Deprivation 2025, File 10 LA District Summaries (lower-tier) v2, published 30 October 2025"
E07000237,Worcester,14860.8,166,19.112,145,0.125,71,0.1751,111,31444.89,95,"MHCLG English Indices of Deprivation 2025, File 10 LA District Summaries (lower-tier) v2, published 30 October 2025"
E07000238,Wychavon,14172.04,178,15.828,187,0,193,0.0394,211,26182.1,212,"MHCLG English Indices of Deprivation 2025, File 10 LA District Summaries (lower-tier) v2, published 30 October 2025"
E07000239,Wyre Forest,17663.93,118,22.053,113,0.0746,106,0.2018,104,31349.28,102,"MHCLG English Indices of Deprivation 2025, File 10 LA District Summaries (lower-tier) v2, published 30 October 2025"
E07000240,St Albans,6600.09,288,8.102,289,0,193,0.0015,279,21755.11,264,"MHCLG English Indices of Deprivation 2025, File 10 LA District Summaries (lower-tier) v2, published 30 October 2025"
E07000241,Welwyn Hatfield,12370.86,208,13.866,220,0,193,0.0215,238,24765.71,234,"MHCLG English Indices of Deprivation 2025, File 10 LA District Summaries (lower-tier) v2, published 30 October 2025"
E07000242,East Hertfordshire,8372.79,276,9.831,277,0,193,0.0038,272,20331.06,276,"MHCLG English Indices of Deprivation 2025, File 10 LA District Summaries (lower-tier) v2, published 30 October 2025"
E07000243,Stevenage,17284.52,125,18.919,151,0,193,0.0278,227,25460.92,225,"MHCLG English Indices of Deprivation 2025, File 10 LA District Summaries (lower-tier) v2, published 30 October 2025"
E07000244,East Suffolk,16526.68,138,20.316,131,0.0759,105,0.1275,137,31526.23,92,"MHCLG English Indices of Deprivation 2025, File 10 LA District Summaries (lower-tier) v2, published 30 October 2025"
E07000245,West Suffolk,14559.15,172,16.165,182,0,193,0.0462,203,26683.31,198,"MHCLG English Indices of Deprivation 2025, File 10 LA District Summaries (lower-tier) v2, published 30 October 2025"
E08000001,Bolton,21894.64,43,31.41,30,0.2599,23,0.4384,24,33020.61,36,"MHCLG English Indices of Deprivation 2025, File 10 LA District Summaries (lower-tier) v2, published 30 October 2025"
E08000002,Bury,18496.3,107,24.008,90,0.1083,90,0.2591,72,32142.55,65,"MHCLG English Indices of Deprivation 2025, File 10 LA District Summaries (lower-tier) v2, published 30 October 2025"
E08000003,Manchester,25957.3,2,38.677,4,0.4068,5,0.5877,1,33273.23,22,"MHCLG English Indices of Deprivation 2025, File 10 LA District Summaries (lower-tier) v2, published 30 October 2025"
E08000004,Oldham,24286.25,15,36.83,11,0.3732,10,0.5397,7,33454.44,11,"MHCLG English Indices of Deprivation 2025, File 10 LA District Summaries (lower-tier) v2, published 30 October 2025"
E08000005,Rochdale,23877.78,19,34.331,17,0.3111,17,0.4752,22,33124.08,29,"MHCLG English Indices of Deprivation 2025, File 10 LA District Summaries (lower-tier) v2, published 30 October 2025"
E08000006,Salford,22764.19,34,32.345,24,0.2547,24,0.4315,26,33303.12,20,"MHCLG English Indices of Deprivation 2025, File 10 LA District Summaries (lower-tier) v2, published 30 October 2025"
E08000007,Stockport,13988.18,183,18.404,158,0.0785,104,0.1618,118,31806.05,81,"MHCLG English Indices of Deprivation 2025, File 10 LA District Summaries (lower-tier) v2, published 30 October 2025"
E08000008,Tameside,22321.02,41,29.836,44,0.1761,49,0.3857,35,32525.82,54,"MHCLG English Indices of Deprivation 2025, File 10 LA District Summaries (lower-tier) v2, published 30 October 2025"
E08000009,Trafford,11881.22,223,14.972,201,0.0432,129,0.0984,154,29770.82,138,"MHCLG English Indices of Deprivation 2025, File 10 LA District Summaries (lower-tier) v2, published 30 October 2025"
E08000010,Wigan,18652.76,102,25.206,78,0.155,56,0.2964,66,32654.12,48,"MHCLG English Indices of Deprivation 2025, File 10 LA District Summaries (lower-tier) v2, published 30 October 2025"
E08000011,Knowsley,24167.14,17,36.157,13,0.4,7,0.5104,12,33320.46,19,"MHCLG English Indices of Deprivation 2025, File 10 LA District Summaries (lower-tier) v2, published 30 October 2025"
E08000012,Liverpool,24476.3,12,37.11,9,0.3675,12,0.5402,6,33440.72,13,"MHCLG English Indices of Deprivation 2025, File 10 LA District Summaries (lower-tier) v2, published 30 October 2025"
E08000013,St. Helens,20369.74,68,28.953,46,0.2314,29,0.3673,40,33216.62,25,"MHCLG English Indices of Deprivation 2025, File 10 LA District Summaries (lower-tier) v2, published 30 October 2025"
E08000014,Sefton,18364.97,110,25.15,80,0.1885,44,0.2715,70,33025.89,35,"MHCLG English Indices of Deprivation 2025, File 10 LA District Summaries (lower-tier) v2, published 30 October 2025"
E08000015,Wirral,18517.76,106,27.473,58,0.2344,28,0.3229,54,33487.86,9,"MHCLG English Indices of Deprivation 2025, File 10 LA District Summaries (lower-tier) v2, published 30 October 2025"
E08000016,Barnsley,22428.44,40,30.057,40,0.2162,33,0.3927,34,32556.05,53,"MHCLG English Indices of Deprivation 2025, File 10 LA District Summaries (lower-tier) v2, published 30 October 2025"
E08000017,Doncaster,21877.3,44,30.523,35,0.2312,30,0.3794,36,33156.1,27,"MHCLG English Indices of Deprivation 2025, File 10 LA District Summaries (lower-tier) v2, published 30 October 2025"
E08000018,Rotherham,20913.02,53,29.836,43,0.2118,35,0.3594,47,33445.68,12,"MHCLG English Indices of Deprivation 2025, File 10 LA District Summaries (lower-tier) v2, published 30 October 2025"
E08000019,Sheffield,19277.22,90,27.574,56,0.2187,31,0.3469,49,33133.69,28,"MHCLG English Indices of Deprivation 2025, File 10 LA District Summaries (lower-tier) v2, published 30 October 2025"
E08000021,Newcastle upon Tyne,19744.45,82,28.834,48,0.2611,22,0.3667,42,33285.64,21,"MHCLG English Indices of Deprivation 2025, File 10 LA District Summaries (lower-tier) v2, published 30 October 2025"
E08000022,North Tyneside,16251.46,145,20.932,124,0.0827,100,0.2055,102,31552.49,91,"MHCLG English Indices of Deprivation 2025, File 10 LA District Summaries (lower-tier) v2, published 30 October 2025"
E08000023,South Tyneside,22741.19,35,31.061,32,0.2136,34,0.429,28,32595.72,50,"MHCLG English Indices of Deprivation 2025, File 10 LA District Summaries (lower-tier) v2, published 30 October 2025"
E08000024,Sunderland,22974.73,31,32.76,22,0.2757,20,0.4566,23,33110.15,33,"MHCLG English Indices of Deprivation 2025, File 10 LA District Summaries (lower-tier) v2, published 30 October 2025"
E08000025,Birmingham,25089.35,8,38.115,5,0.4279,2,0.5596,4,33268.15,23,"MHCLG English Indices of Deprivation 2025, File 10 LA District Summaries (lower-tier) v2, published 30 October 2025"
E08000026,Coventry,20616.29,61,27.528,57,0.1773,48,0.3204,57,32679.65,47,"MHCLG English Indices of Deprivation 2025, File 10 LA District Summaries (lower-tier) v2, published 30 October 2025"
E08000027,Dudley,17942.87,115,23.174,103,0.1084,89,0.2578,73,31791.02,84,"MHCLG English Indices of Deprivation 2025, File 10 LA District Summaries (lower-tier) v2, published 30 October 2025"
E08000028,Sandwell,25389.96,5,33.772,19,0.1632,54,0.5095,13,32009.52,72,"MHCLG English Indices of Deprivation 2025, File 10 LA District Summaries (lower-tier) v2, published 30 October 2025"
E08000029,Solihull,12647.41,204,17.04,173,0.1343,62,0.1706,113,32035.34,70,"MHCLG English Indices of Deprivation 2025, File 10 LA District Summaries (lower-tier) v2, published 30 October 2025"
E08000030,Walsall,22512.04,38,31.732,28,0.2485,27,0.4822,19,32556.41,52,"MHCLG English Indices of Deprivation 2025, File 10 LA District Summaries (lower-tier) v2, published 30 October 2025"
E08000031,Wolverhampton,23727.39,24,32.552,23,0.2174,32,0.486,18,32498.43,56,"MHCLG English Indices of Deprivation 2025, File 10 LA District Summaries (lower-tier) v2, published 30 October 2025"
E08000032,Bradford,23730,23,36.713,12,0.3686,11,0.5204,10,33502.6,8,"MHCLG English Indices of Deprivation 2025, File 10 LA District Summaries (lower-tier) v2, published 30 October 2025"
E08000033,Calderdale,20325.12,71,27.582,55,0.2016,37,0.3224,56,32901.34,38,"MHCLG English Indices of Deprivation 2025, File 10 LA District Summaries (lower-tier) v2, published 30 October 2025"
E08000034,Kirklees,19464.14,85,25.805,70,0.1346,61,0.3067,64,32344.5,61,"MHCLG English Indices of Deprivation 2025, File 10 LA District Summaries (lower-tier) v2, published 30 October 2025"
E08000035,Leeds,17398.17,124,24.115,86,0.1721,51,0.2849,67,32798.75,45,"MHCLG English Indices of Deprivation 2025, File 10 LA District Summaries (lower-tier) v2, published 30 October 2025"
E08000036,Wakefield,20586.9,63,27.247,59,0.1721,52,0.3263,53,32393.82,60,"MHCLG English Indices of Deprivation 2025, File 10 LA District Summaries (lower-tier) v2, published 30 October 2025"
E08000037,Gateshead,20798.24,58,28.128,53,0.1905,42,0.3471,48,32569.0,51,"MHCLG English Indices of Deprivation 2025, File 10 LA District Summaries (lower-tier) v2, published 30 October 2025"
E09000001,City of London,8781.75,267,10.21,268,0,193,0,282,18949.0,285,"MHCLG English Indices of Deprivation 2025, File 10 LA District Summaries (lower-tier) v2, published 30 October 2025"
E09000002,Barking and Dagenham,25038.67,9,30.266,38,0.0174,169,0.319,58,29685.66,142,"MHCLG English Indices of Deprivation 2025, File 10 LA District Summaries (lower-tier) v2, published 30 October 2025"
E09000003,Barnet,17134.88,129,19.499,140,0.0045,192,0.0913,161,27855.96,174,"MHCLG English Indices of Deprivation 2025, File 10 LA District Summaries (lower-tier) v2, published 30 October 2025"
E09000004,Bexley,12983.4,200,15.302,195,0,193,0.0744,173,27813.43,175,"MHCLG English Indices of Deprivation 2025, File 10 LA District Summaries (lower-tier) v2, published 30 October 2025"
E09000005,Brent,23737.65,22,30.046,41,0.1547,57,0.3226,55,32042.29,69,"MHCLG English Indices of Deprivation 2025, File 10 LA District Summaries (lower-tier) v2, published 30 October 2025"
E09000006,Bromley,10479.35,248,12.673,238,0.005,191,0.0624,183,27757.16,178,"MHCLG English Indices of Deprivation 2025, File 10 LA District Summaries (lower-tier) v2, published 30 October 2025"
E09000007,Camden,19647.6,83,23.695,96,0.0308,142,0.2255,91,30119.6,129,"MHCLG English Indices of Deprivation 2025, File 10 LA District Summaries (lower-tier) v2, published 30 October 2025"
E09000008,Croydon,18551.98,105,22.562,107,0.0349,138,0.2033,103,30406.71,121,"MHCLG English Indices of Deprivation 2025, File 10 LA District Summaries (lower-tier) v2, published 30 October 2025"
E09000009,Ealing,21688.64,45,25.947,68,0.0302,144,0.2469,82,30001.17,133,"MHCLG English Indices of Deprivation 2025, File 10 LA District Summaries (lower-tier) v2, published 30 October 2025"
E09000010,Enfield,22538.62,37,29.888,42,0.1803,47,0.4205,30,31852.73,78,"MHCLG English Indices of Deprivation 2025, File 10 LA District Summaries (lower-tier) v2, published 30 October 2025"
E09000011,Greenwich,20217.62,74,23.539,98,0,193,0.1797,110,28959.79,154,"MHCLG English Indices of Deprivation 2025, File 10 LA District Summaries (lower-tier) v2, published 30 October 2025"
E09000012,Hackney,24813.48,10,31.795,27,0.1611,55,0.4,33,31775.7,87,"MHCLG English Indices of Deprivation 2025, File 10 LA District Summaries (lower-tier) v2, published 30 October 2025"
E09000013,Hammersmith and Fulham,18491.87,108,21.202,120,0.0174,169,0.1385,130,28900.98,158,"MHCLG English Indices of Deprivation 2025, File 10 LA District Summaries (lower-tier) v2, published 30 October 2025"
E09000014,Haringey,23134.61,29,30.856,33,0.1905,42,0.4372,25,32018.76,71,"MHCLG English Indices of Deprivation 2025, File 10 LA District Summaries (lower-tier) v2, published 30 October 2025"
E09000015,Harrow,15791.19,153,17.527,168,0,193,0.0436,206,26244.07,208,"MHCLG English Indices of Deprivation 2025, File 10 LA District Summaries (lower-tier) v2, published 30 October 2025"
E09000016,Havering,14471.72,173,16.755,176,0.0065,188,0.0742,174,28138.95,168,"MHCLG English Indices of Deprivation 2025, File 10 LA District Summaries (lower-tier) v2, published 30 October 2025"
E09000017,Hillingdon,17826.91,116,20.653,128,0,193,0.1201,144,28414.26,166,"MHCLG English Indices of Deprivation 2025, File 10 LA District Summaries (lower-tier) v2, published 30 October 2025"
E09000018,Hounslow,21445.12,49,24.859,82,0.02,160,0.1746,112,29072.42,152,"MHCLG English Indices of Deprivation 2025, File 10 LA District Summaries (lower-tier) v2, published 30 October 2025"
E09000019,Islington,22487.79,39,26.651,63,0.0397,133,0.2267,90,29997.14,134,"MHCLG English Indices of Deprivation 2025, File 10 LA District Summaries (lower-tier) v2, published 30 October 2025"
E09000020,Kensington and Chelsea,17076.3,130,20.339,130,0.0297,146,0.1613,119,30013.8,132,"MHCLG English Indices of Deprivation 2025, File 10 LA District Summaries (lower-tier) v2, published 30 October 2025"
E09000021,Kingston upon Thames,9596.44,259,11.063,260,0,193,0.0096,260,21782.13,263,"MHCLG English Indices of Deprivation 2025, File 10 LA District Summaries (lower-tier) v2, published 30 October 2025"
E09000022,Lambeth,20360.2,70,23.041,104,0.0055,190,0.1216,142,27760.16,177,"MHCLG English Indices of Deprivation 2025, File 10 LA District Summaries (lower-tier) v2, published 30 October 2025"
E09000023,Lewisham,21676.6,46,25.472,75,0.0171,172,0.1981,108,29746.01,141,"MHCLG English Indices of Deprivation 2025, File 10 LA District Summaries (lower-tier) v2, published 30 October 2025"
E09000024,Merton,12518.56,207,14.384,209,0,193,0.0404,209,26319.24,205,"MHCLG English Indices of Deprivation 2025, File 10 LA District Summaries (lower-tier) v2, published 30 October 2025"
E09000025,Newham,25157.21,7,31.583,29,0.0541,119,0.4251,29,30519.22,117,"MHCLG English Indices of Deprivation 2025, File 10 LA District Summaries (lower-tier) v2, published 30 October 2025"
E09000026,Redbridge,17221.45,127,19.854,137,0.0183,164,0.1071,149,28877.65,159,"MHCLG English Indices of Deprivation 2025, File 10 LA District Summaries (lower-tier) v2, published 30 October 2025"
E09000027,Richmond upon Thames,7866.61,282,9.532,280,0,193,0.0094,261,21182.75,269,"MHCLG English Indices of Deprivation 2025, File 10 LA District Summaries (lower-tier) v2, published 30 October 2025"
E09000028,Southwark,20380.68,67,23.328,102,0,193,0.1379,131,27927.59,173,"MHCLG English Indices of Deprivation 2025, File 10 LA District Summaries (lower-tier) v2, published 30 October 2025"
E09000029,Sutton,11826.33,224,13.85,221,0.0081,186,0.0489,198,26810.11,194,"MHCLG English Indices of Deprivation 2025, File 10 LA District Summaries (lower-tier) v2, published 30 October 2025"
E09000030,Tower Hamlets,23847.49,20,30.554,34,0.1302,68,0.4148,31,31107.1,109,"MHCLG English Indices of Deprivation 2025, File 10 LA District Summaries (lower-tier) v2, published 30 October 2025"
E09000031,Waltham Forest,20500.1,65,23.453,100,0.0068,187,0.1322,133,28908.92,157,"MHCLG English Indices of Deprivation 2025, File 10 LA District Summaries (lower-tier) v2, published 30 October 2025"
E09000032,Wandsworth,13272.79,193,15.157,197,0,193,0.0545,186,27096.69,189,"MHCLG English Indices of Deprivation 2025, File 10 LA District Summaries (lower-tier) v2, published 30 October 2025"
E09000033,Westminster,19406.31,87,23.931,92,0.0894,94,0.2328,86,31297.11,104,"MHCLG English Indices of Deprivation 2025, File 10 LA District Summaries (lower-tier) v2, published 30 October 2025"
